<?xml version="1.0" encoding="UTF-8"?>
<beans xmlns="http://www.springframework.org/schema/beans"
      xmlns:context="http://www.springframework.org/schema/context"
      xmlns:xsi="http://www.w3.org/2001/XMLSchema-instance"
      xsi:schemaLocation="
        http://www.springframework.org/schema/beans    
        http://www.springframework.org/schema/beans/spring-beans-4.0.xsd
        http://www.springframework.org/schema/context
        http://www.springframework.org/schema/context/spring-context-4.0.xsd">
   
   
      <context:component-scan base-package="com.smartbank"></context:component-scan>

      <bean id="dataSource"
            class="org.springframework.jdbc.datasource.DriverManagerDataSource">
            <property name="driverClassName" value="com.mysql.cj.jdbc.Driver" />
            <property name="url" value="jdbc:mysql://localhost:3306/user1" />
            <property name="username" value="root" />
            <property name="password" value="Sasikala@1974" />
      </bean>

     
      <bean id="sessionFactory"
            class="org.springframework.orm.hibernate4.LocalSessionFactoryBean">

			<property name="dataSource">
			  <ref bean="dataSource" />
			</property>

			<property name="hibernateProperties">
			  <props>
					<prop key="hibernate.dialect">org.hibernate.dialect.MySQLDialect</prop>
					<prop key="hibernate.show_sql">true</prop>
			  </props>
			</property>
			<property name="annotatedClasses">
			<list>
				  <value>com.smartbank.model.Users</value> <!-- Entity classes-->
			</list>
			</property>

      </bean>
</beans>